{
  "period": "2025",
  "sniper": {
    "final": 29611.57313000066,
    "pnl": 4611.573130000662,
    "return_pct": 18.44629252000263,
    "trades": 26,
    "win_rate": 0.5,
    "expectancy": 0.3461475730197185
  },
  "workhorse": {
    "final": 25235.695244999995,
    "pnl": 235.6952449999967,
    "return_pct": 0.9427809799999798,
    "trades": 3,
    "win_rate": 0.3333333333333333,
    "expectancy": 0.3213570868415739
  },
  "combined": {
    "final": 54847.268375000654,
    "pnl": 4847.2683750006545,
    "return_pct": 9.694536750001316,
    "trades": 29
  }
}