{
  "SPY": {
    "trades": 9,
    "trades_per_day": 0.3103448275862069,
    "win_rate": 55.55555555555556,
    "avg_pnl": -0.034067543899288455,
    "avg_win": 0.058798111744730854,
    "avg_loss": -0.1501496134543126,
    "sharpe": -2.5651652777691485,
    "total_return": -0.3066078950935961
  },
  "QQQ": {
    "trades": 17,
    "trades_per_day": 0.6071428571428571,
    "win_rate": 58.82352941176471,
    "avg_pnl": 0.013086876822563301,
    "avg_win": 0.15033601638330332,
    "avg_loss": -0.18298332254992244,
    "sharpe": 0.8443573596244938,
    "total_return": 0.2224769059835761
  },
  "IWM": {
    "trades": 64,
    "trades_per_day": 2.206896551724138,
    "win_rate": 31.25,
    "avg_pnl": -0.027537466854856085,
    "avg_win": 0.3283654146958162,
    "avg_loss": -0.18931150392334348,
    "sharpe": -2.4688062968186175,
    "total_return": -1.7623978787107897
  },
  "NVDA": {
    "trades": 301,
    "trades_per_day": 10.379310344827585,
    "win_rate": 35.21594684385382,
    "avg_pnl": -0.021675113986251503,
    "avg_win": 0.3695514217305032,
    "avg_loss": -0.23434184622202586,
    "sharpe": -3.5673354829532684,
    "total_return": -6.524209309861701
  },
  "TSLA": {
    "trades": 498,
    "trades_per_day": 17.17241379310345,
    "win_rate": 38.35341365461847,
    "avg_pnl": -0.004582642833884929,
    "avg_win": 0.37515612026883366,
    "avg_loss": -0.2408370524515372,
    "sharpe": -0.9360933079339029,
    "total_return": -2.2821561312746925
  },
  "ES": {
    "trades": 91,
    "trades_per_day": 3.1379310344827585,
    "win_rate": 38.46153846153847,
    "avg_pnl": -0.025376851133025638,
    "avg_win": 0.2775580981569492,
    "avg_loss": -0.2147111944392599,
    "sharpe": -2.6902992520145173,
    "total_return": -2.3092934531053335
  }
}