{
  "2024": {
    "total_trades": 191,
    "successful_days": 252,
    "trades_per_day": 0.7579365079365079,
    "win_rate": 32.460732984293195,
    "avg_pnl": -0.05499073073357234,
    "std_pnl": 0.17575390326455406,
    "sharpe": -4.324154428052721,
    "avg_win": 0.14285310923680422,
    "avg_loss": -0.15007846777359826,
    "best_trade": 0.5442055603758531,
    "worst_trade": -0.3570293408293426,
    "total_return": -10.503229570112316,
    "monthly_breakdown": {
      "2024-01": {
        "trades": 14,
        "return": -0.6366532214743037,
        "win_rate": 21.428571428571427
      },
      "2024-02": {
        "trades": 10,
        "return": -0.4116631959830155,
        "win_rate": 40.0
      },
      "2024-03": {
        "trades": 5,
        "return": -0.17198067181830978,
        "win_rate": 20.0
      },
      "2024-04": {
        "trades": 30,
        "return": -1.8956802944089475,
        "win_rate": 33.33333333333333
      },
      "2024-05": {
        "trades": 12,
        "return": -1.2830642484389991,
        "win_rate": 25.0
      },
      "2024-06": {
        "trades": 6,
        "return": 0.13824653736859743,
        "win_rate": 50.0
      },
      "2024-07": {
        "trades": 14,
        "return": -0.16270884360496257,
        "win_rate": 35.714285714285715
      },
      "2024-08": {
        "trades": 41,
        "return": -1.809185999344213,
        "win_rate": 34.146341463414636
      },
      "2024-09": {
        "trades": 30,
        "return": -1.4853095006137442,
        "win_rate": 26.666666666666668
      },
      "2024-10": {
        "trades": 8,
        "return": 0.24955961411109367,
        "win_rate": 75.0
      },
      "2024-11": {
        "trades": 3,
        "return": 0.03849373873245311,
        "win_rate": 33.33333333333333
      },
      "2024-12": {
        "trades": 18,
        "return": -3.0732834846379657,
        "win_rate": 22.22222222222222
      }
    }
  },
  "2025": {
    "total_trades": 375,
    "successful_days": 250,
    "trades_per_day": 1.5,
    "win_rate": 43.733333333333334,
    "avg_pnl": -0.027108362198354257,
    "std_pnl": 0.23023639705561252,
    "sharpe": -2.2891549956406814,
    "avg_win": 0.18397798024380121,
    "avg_loss": -0.19117547196382104,
    "best_trade": 0.924775336512346,
    "worst_trade": -0.7032641154446732,
    "total_return": -10.165635824382843,
    "monthly_breakdown": {
      "2025-01": {
        "trades": 13,
        "return": 0.19345168003354846,
        "win_rate": 69.23076923076923
      },
      "2025-02": {
        "trades": 29,
        "return": -1.6586478912189992,
        "win_rate": 37.93103448275862
      },
      "2025-03": {
        "trades": 96,
        "return": -0.8283468998079002,
        "win_rate": 43.75
      },
      "2025-04": {
        "trades": 125,
        "return": -4.837706253869651,
        "win_rate": 41.6
      },
      "2025-05": {
        "trades": 19,
        "return": 0.3873079125503828,
        "win_rate": 57.89473684210527
      },
      "2025-06": {
        "trades": 8,
        "return": 0.2727509532443704,
        "win_rate": 50.0
      },
      "2025-07": {
        "trades": 6,
        "return": -0.01505252724013767,
        "win_rate": 50.0
      },
      "2025-08": {
        "trades": 3,
        "return": -0.07333700420059863,
        "win_rate": 66.66666666666666
      },
      "2025-10": {
        "trades": 26,
        "return": -0.8509036793981675,
        "win_rate": 46.15384615384615
      },
      "2025-11": {
        "trades": 42,
        "return": -2.3050995859928656,
        "win_rate": 35.714285714285715
      },
      "2025-12": {
        "trades": 8,
        "return": -0.4500525284828299,
        "win_rate": 37.5
      }
    }
  }
}