delta,total_return_pct,sharpe_ratio,max_drawdown_pct,spy_buy_hold_pct,outperformance_pct,num_trades,win_rate_pct,avg_win_pct,avg_loss_pct,final_equity
0.5,-10.273821370206825,-0.1151333026539726,-15.862897696091183,46.06156775626786,-56.33538912647469,57,19.298245614035086,15.652180555407272,-18.61892890691805,89726.17862979317
0.6,-7.693465608422745,0.26799586876931225,-25.617088209794968,46.06156775626786,-53.755033364690604,57,28.07017543859649,12.29765933661988,-11.293484284224187,92306.53439157725
0.7,-5.906509900319246,0.5471736221832338,-34.80633885493063,46.06156775626786,-51.968077656587106,57,29.82456140350877,7.675817049336924,-7.776907109851353,94093.49009968076
0.8,-5.906509900319246,0.5471736221832338,-34.80633885493063,46.06156775626786,-51.968077656587106,57,29.82456140350877,7.675817049336924,-7.776907109851353,94093.49009968076
